0	0	18989	ENSG00000000003	ENSG00000200320	1.0
1	0	34499	ENSG00000000003	ENSG00000233138	1.0
2	0	37248	ENSG00000000003	ENSG00000236472	-1.0
3	0	42221	ENSG00000000003	ENSG00000245864	-1.0
4	0	47628	ENSG00000000003	ENSG00000254762	-1.0
5	1	18989	ENSG00000000005	ENSG00000200320	-1.0
6	1	34499	ENSG00000000005	ENSG00000233138	-1.0
7	1	37248	ENSG00000000005	ENSG00000236472	-1.0
8	1	42221	ENSG00000000005	ENSG00000245864	-1.0
9	1	47628	ENSG00000000005	ENSG00000254762	1.0
10	2	18989	ENSG00000000419	ENSG00000200320	-1.0
11	2	34499	ENSG00000000419	ENSG00000233138	1.0
12	2	37248	ENSG00000000419	ENSG00000236472	-1.0
13	2	42221	ENSG00000000419	ENSG00000245864	1.0
14	2	47628	ENSG00000000419	ENSG00000254762	1.0
15	3	18989	ENSG00000000457	ENSG00000200320	1.0
16	3	34499	ENSG00000000457	ENSG00000233138	-1.0
17	3	37248	ENSG00000000457	ENSG00000236472	-1.0
18	3	42221	ENSG00000000457	ENSG00000245864	-1.0
19	3	47628	ENSG00000000457	ENSG00000254762	-1.0
20	4	18989	ENSG00000000460	ENSG00000200320	1.0
21	4	34499	ENSG00000000460	ENSG00000233138	1.0
22	4	37248	ENSG00000000460	ENSG00000236472	-1.0
23	4	42221	ENSG00000000460	ENSG00000245864	-1.0
24	4	47628	ENSG00000000460	ENSG00000254762	-1.0
25	5	18989	ENSG00000000938	ENSG00000200320	-1.0
26	5	34499	ENSG00000000938	ENSG00000233138	1.0
27	5	37248	ENSG00000000938	ENSG00000236472	-1.0
28	5	42221	ENSG00000000938	ENSG00000245864	-1.0
29	5	47628	ENSG00000000938	ENSG00000254762	-1.0
30	6	18989	ENSG00000000971	ENSG00000200320	-1.0
31	6	34499	ENSG00000000971	ENSG00000233138	-1.0
32	6	37248	ENSG00000000971	ENSG00000236472	1.0
33	6	41995	ENSG00000000971	ENSG00000244414	0.9267176149469749
34	6	42221	ENSG00000000971	ENSG00000245864	-1.0
35	6	47628	ENSG00000000971	ENSG00000254762	1.0
36	7	18989	ENSG00000001036	ENSG00000200320	-1.0
37	7	34499	ENSG00000001036	ENSG00000233138	-1.0
38	7	37248	ENSG00000001036	ENSG00000236472	1.0
39	7	42221	ENSG00000001036	ENSG00000245864	-1.0
40	7	47628	ENSG00000001036	ENSG00000254762	-1.0
41	8	18989	ENSG00000001084	ENSG00000200320	-1.0
42	8	34499	ENSG00000001084	ENSG00000233138	1.0
43	8	37248	ENSG00000001084	ENSG00000236472	1.0
44	8	42221	ENSG00000001084	ENSG00000245864	-1.0
45	8	47628	ENSG00000001084	ENSG00000254762	-1.0
46	9	18989	ENSG00000001167	ENSG00000200320	1.0
47	9	34499	ENSG00000001167	ENSG00000233138	-1.0
48	9	37248	ENSG00000001167	ENSG00000236472	1.0
49	9	42221	ENSG00000001167	ENSG00000245864	-1.0
50	9	47628	ENSG00000001167	ENSG00000254762	1.0
51	10	18989	ENSG00000001460	ENSG00000200320	-1.0
52	10	34499	ENSG00000001460	ENSG00000233138	1.0
53	10	37248	ENSG00000001460	ENSG00000236472	1.0
54	10	42221	ENSG00000001460	ENSG00000245864	1.0
55	10	47628	ENSG00000001460	ENSG00000254762	1.0
56	11	18989	ENSG00000001461	ENSG00000200320	-1.0
57	11	34499	ENSG00000001461	ENSG00000233138	1.0
58	11	37248	ENSG00000001461	ENSG00000236472	-1.0
59	11	42221	ENSG00000001461	ENSG00000245864	-1.0
60	11	47628	ENSG00000001461	ENSG00000254762	1.0
61	12	18989	ENSG00000001497	ENSG00000200320	-1.0
62	12	34499	ENSG00000001497	ENSG00000233138	-1.0
63	12	37248	ENSG00000001497	ENSG00000236472	1.0
64	12	42221	ENSG00000001497	ENSG00000245864	1.0
65	12	47628	ENSG00000001497	ENSG00000254762	-1.0
66	13	18989	ENSG00000001561	ENSG00000200320	1.0
67	13	34499	ENSG00000001561	ENSG00000233138	-1.0
68	13	37248	ENSG00000001561	ENSG00000236472	-1.0
69	13	42221	ENSG00000001561	ENSG00000245864	-1.0
70	13	47628	ENSG00000001561	ENSG00000254762	-1.0
71	14	18989	ENSG00000001617	ENSG00000200320	-1.0
72	14	34499	ENSG00000001617	ENSG00000233138	1.0
73	14	37248	ENSG00000001617	ENSG00000236472	1.0
74	14	42221	ENSG00000001617	ENSG00000245864	1.0
75	14	47628	ENSG00000001617	ENSG00000254762	1.0
76	15	18989	ENSG00000001626	ENSG00000200320	-1.0
77	15	34499	ENSG00000001626	ENSG00000233138	-1.0
78	15	37248	ENSG00000001626	ENSG00000236472	-1.0
79	15	42221	ENSG00000001626	ENSG00000245864	-1.0
80	15	47628	ENSG00000001626	ENSG00000254762	-1.0
81	16	18989	ENSG00000001629	ENSG00000200320	1.0
82	16	34499	ENSG00000001629	ENSG00000233138	1.0
83	16	37248	ENSG00000001629	ENSG00000236472	-1.0
84	16	42221	ENSG00000001629	ENSG00000245864	-1.0
85	16	47628	ENSG00000001629	ENSG00000254762	-1.0
86	17	18989	ENSG00000001630	ENSG00000200320	1.0
87	17	34499	ENSG00000001630	ENSG00000233138	-1.0
88	17	34868	ENSG00000001630	ENSG00000233588	0.9459619383041198
89	17	37248	ENSG00000001630	ENSG00000236472	-1.0
90	17	40416	ENSG00000001630	ENSG00000241095	0.9399144218822054
91	17	42221	ENSG00000001630	ENSG00000245864	-1.0
92	17	47628	ENSG00000001630	ENSG00000254762	-1.0
93	18	18989	ENSG00000001631	ENSG00000200320	-1.0
94	18	34499	ENSG00000001631	ENSG00000233138	1.0
95	18	37248	ENSG00000001631	ENSG00000236472	-1.0
96	18	42221	ENSG00000001631	ENSG00000245864	1.0
97	18	47628	ENSG00000001631	ENSG00000254762	-1.0
98	19	18989	ENSG00000002016	ENSG00000200320	1.0
99	19	34499	ENSG00000002016	ENSG00000233138	1.0
100	19	37248	ENSG00000002016	ENSG00000236472	-1.0
101	19	42221	ENSG00000002016	ENSG00000245864	1.0
102	19	47628	ENSG00000002016	ENSG00000254762	-1.0
103	20	18989	ENSG00000002079	ENSG00000200320	-1.0
104	20	34499	ENSG00000002079	ENSG00000233138	-1.0
105	20	37248	ENSG00000002079	ENSG00000236472	1.0
106	20	42221	ENSG00000002079	ENSG00000245864	-1.0
107	20	47628	ENSG00000002079	ENSG00000254762	-1.0
108	21	18989	ENSG00000002330	ENSG00000200320	1.0
109	21	34499	ENSG00000002330	ENSG00000233138	1.0
110	21	37248	ENSG00000002330	ENSG00000236472	1.0
111	21	42221	ENSG00000002330	ENSG00000245864	-1.0
112	21	47628	ENSG00000002330	ENSG00000254762	1.0
113	22	18989	ENSG00000002549	ENSG00000200320	-1.0
114	22	34499	ENSG00000002549	ENSG00000233138	-1.0
115	22	37248	ENSG00000002549	ENSG00000236472	-1.0
116	22	42221	ENSG00000002549	ENSG00000245864	-1.0
117	22	47628	ENSG00000002549	ENSG00000254762	1.0
118	23	18989	ENSG00000002586	ENSG00000200320	1.0
119	23	34499	ENSG00000002586	ENSG00000233138	1.0
120	23	37248	ENSG00000002586	ENSG00000236472	1.0
121	23	42221	ENSG00000002586	ENSG00000245864	1.0
122	23	47628	ENSG00000002586	ENSG00000254762	-1.0
123	24	18989	ENSG00000002587	ENSG00000200320	1.0
124	24	34499	ENSG00000002587	ENSG00000233138	-1.0
125	24	37248	ENSG00000002587	ENSG00000236472	-1.0
126	24	42221	ENSG00000002587	ENSG00000245864	-1.0
127	24	47628	ENSG00000002587	ENSG00000254762	-1.0
128	25	16858	ENSG00000002726	ENSG00000187783	0.9010900201952006
129	25	18989	ENSG00000002726	ENSG00000200320	-1.0
130	25	34499	ENSG00000002726	ENSG00000233138	-1.0
131	25	37248	ENSG00000002726	ENSG00000236472	1.0
132	25	42221	ENSG00000002726	ENSG00000245864	-1.0
133	25	47628	ENSG00000002726	ENSG00000254762	-1.0
134	26	18989	ENSG00000002745	ENSG00000200320	-1.0
135	26	34499	ENSG00000002745	ENSG00000233138	1.0
136	26	37248	ENSG00000002745	ENSG00000236472	-1.0
137	26	42221	ENSG00000002745	ENSG00000245864	-1.0
138	26	47628	ENSG00000002745	ENSG00000254762	-1.0
139	27	18989	ENSG00000002746	ENSG00000200320	-1.0
140	27	34499	ENSG00000002746	ENSG00000233138	-1.0
141	27	37248	ENSG00000002746	ENSG00000236472	1.0
142	27	42221	ENSG00000002746	ENSG00000245864	1.0
143	27	47628	ENSG00000002746	ENSG00000254762	-1.0
144	28	18989	ENSG00000002822	ENSG00000200320	-1.0
145	28	34499	ENSG00000002822	ENSG00000233138	1.0
146	28	37248	ENSG00000002822	ENSG00000236472	1.0
147	28	42221	ENSG00000002822	ENSG00000245864	-1.0
148	28	47628	ENSG00000002822	ENSG00000254762	1.0
149	29	18989	ENSG00000002834	ENSG00000200320	-1.0
150	29	34499	ENSG00000002834	ENSG00000233138	-1.0
151	29	37248	ENSG00000002834	ENSG00000236472	-1.0
152	29	42221	ENSG00000002834	ENSG00000245864	1.0
153	29	47628	ENSG00000002834	ENSG00000254762	1.0
154	30	18989	ENSG00000002919	ENSG00000200320	1.0
155	30	34499	ENSG00000002919	ENSG00000233138	1.0
156	30	37248	ENSG00000002919	ENSG00000236472	-1.0
157	30	42221	ENSG00000002919	ENSG00000245864	1.0
158	30	47628	ENSG00000002919	ENSG00000254762	1.0
159	31	18989	ENSG00000002933	ENSG00000200320	1.0
160	31	34499	ENSG00000002933	ENSG00000233138	-1.0
161	31	37248	ENSG00000002933	ENSG00000236472	-1.0
162	31	42221	ENSG00000002933	ENSG00000245864	-1.0
163	31	47628	ENSG00000002933	ENSG00000254762	1.0
164	32	18989	ENSG00000003056	ENSG00000200320	1.0
165	32	34499	ENSG00000003056	ENSG00000233138	-1.0
166	32	37248	ENSG00000003056	ENSG00000236472	-1.0
167	32	42221	ENSG00000003056	ENSG00000245864	-1.0
168	32	47628	ENSG00000003056	ENSG00000254762	-1.0
169	33	18989	ENSG00000003096	ENSG00000200320	-1.0
170	33	34499	ENSG00000003096	ENSG00000233138	1.0
171	33	37248	ENSG00000003096	ENSG00000236472	-1.0
172	33	42221	ENSG00000003096	ENSG00000245864	1.0
173	33	47628	ENSG00000003096	ENSG00000254762	1.0
174	34	18989	ENSG00000003137	ENSG00000200320	-1.0
175	34	34499	ENSG00000003137	ENSG00000233138	-1.0
176	34	37248	ENSG00000003137	ENSG00000236472	-1.0
177	34	42221	ENSG00000003137	ENSG00000245864	1.0
178	34	47628	ENSG00000003137	ENSG00000254762	1.0
179	35	18989	ENSG00000003147	ENSG00000200320	1.0
180	35	34499	ENSG00000003147	ENSG00000233138	-1.0
181	35	37248	ENSG00000003147	ENSG00000236472	-1.0
182	35	42221	ENSG00000003147	ENSG00000245864	-1.0
183	35	47628	ENSG00000003147	ENSG00000254762	-1.0
184	36	18989	ENSG00000003249	ENSG00000200320	1.0
185	36	34499	ENSG00000003249	ENSG00000233138	-1.0
186	36	37248	ENSG00000003249	ENSG00000236472	1.0
187	36	42221	ENSG00000003249	ENSG00000245864	1.0
188	36	47628	ENSG00000003249	ENSG00000254762	1.0
189	37	18989	ENSG00000003393	ENSG00000200320	-1.0
190	37	34499	ENSG00000003393	ENSG00000233138	-1.0
191	37	37248	ENSG00000003393	ENSG00000236472	1.0
192	37	42221	ENSG00000003393	ENSG00000245864	1.0
193	37	47628	ENSG00000003393	ENSG00000254762	-1.0
194	38	18989	ENSG00000003400	ENSG00000200320	-1.0
195	38	34499	ENSG00000003400	ENSG00000233138	-1.0
196	38	37248	ENSG00000003400	ENSG00000236472	-1.0
197	38	42221	ENSG00000003400	ENSG00000245864	-1.0
198	38	47628	ENSG00000003400	ENSG00000254762	1.0
199	39	18989	ENSG00000003402	ENSG00000200320	-1.0
200	39	34499	ENSG00000003402	ENSG00000233138	-1.0
201	39	37248	ENSG00000003402	ENSG00000236472	-1.0
202	39	42221	ENSG00000003402	ENSG00000245864	-1.0
203	39	47628	ENSG00000003402	ENSG00000254762	1.0
204	40	18989	ENSG00000003436	ENSG00000200320	1.0
205	40	34499	ENSG00000003436	ENSG00000233138	-1.0
206	40	37248	ENSG00000003436	ENSG00000236472	-1.0
207	40	42221	ENSG00000003436	ENSG00000245864	-1.0
208	40	47628	ENSG00000003436	ENSG00000254762	1.0
209	41	18989	ENSG00000003509	ENSG00000200320	1.0
210	41	34499	ENSG00000003509	ENSG00000233138	1.0
211	41	37248	ENSG00000003509	ENSG00000236472	1.0
212	41	42221	ENSG00000003509	ENSG00000245864	-1.0
213	41	47628	ENSG00000003509	ENSG00000254762	-1.0
214	42	18989	ENSG00000003756	ENSG00000200320	1.0
215	42	34499	ENSG00000003756	ENSG00000233138	-1.0
216	42	37248	ENSG00000003756	ENSG00000236472	-1.0
217	42	42221	ENSG00000003756	ENSG00000245864	-1.0
218	42	47628	ENSG00000003756	ENSG00000254762	-1.0
219	43	18989	ENSG00000003987	ENSG00000200320	1.0
220	43	34499	ENSG00000003987	ENSG00000233138	-1.0
221	43	37248	ENSG00000003987	ENSG00000236472	-1.0
222	43	42221	ENSG00000003987	ENSG00000245864	-1.0
223	43	47628	ENSG00000003987	ENSG00000254762	-1.0
224	44	18989	ENSG00000003989	ENSG00000200320	1.0
225	44	34499	ENSG00000003989	ENSG00000233138	-1.0
226	44	37248	ENSG00000003989	ENSG00000236472	1.0
227	44	42221	ENSG00000003989	ENSG00000245864	-1.0
228	44	47628	ENSG00000003989	ENSG00000254762	-1.0
229	45	18989	ENSG00000004059	ENSG00000200320	-1.0
230	45	34499	ENSG00000004059	ENSG00000233138	1.0
231	45	37248	ENSG00000004059	ENSG00000236472	-1.0
232	45	42221	ENSG00000004059	ENSG00000245864	1.0
233	45	47628	ENSG00000004059	ENSG00000254762	-1.0
234	46	18989	ENSG00000004139	ENSG00000200320	-1.0
235	46	34499	ENSG00000004139	ENSG00000233138	-1.0
236	46	37248	ENSG00000004139	ENSG00000236472	-1.0
237	46	42221	ENSG00000004139	ENSG00000245864	1.0
238	46	47628	ENSG00000004139	ENSG00000254762	-1.0
239	47	18989	ENSG00000004142	ENSG00000200320	-1.0
240	47	34499	ENSG00000004142	ENSG00000233138	1.0
241	47	37248	ENSG00000004142	ENSG00000236472	1.0
242	47	42221	ENSG00000004142	ENSG00000245864	-1.0
243	47	47628	ENSG00000004142	ENSG00000254762	1.0
244	48	18989	ENSG00000004399	ENSG00000200320	1.0
245	48	34499	ENSG00000004399	ENSG00000233138	-1.0
246	48	37248	ENSG00000004399	ENSG00000236472	1.0
247	48	42221	ENSG00000004399	ENSG00000245864	-1.0
248	48	47628	ENSG00000004399	ENSG00000254762	1.0
249	49	16378	ENSG00000004455	ENSG00000185839	0.9279540021198265
250	49	18989	ENSG00000004455	ENSG00000200320	1.0
251	49	34499	ENSG00000004455	ENSG00000233138	-1.0
252	49	37248	ENSG00000004455	ENSG00000236472	1.0
253	49	42221	ENSG00000004455	ENSG00000245864	-1.0
254	49	47628	ENSG00000004455	ENSG00000254762	1.0
255	50	18989	ENSG00000004468	ENSG00000200320	-1.0
256	50	34499	ENSG00000004468	ENSG00000233138	1.0
257	50	37248	ENSG00000004468	ENSG00000236472	-1.0
258	50	42221	ENSG00000004468	ENSG00000245864	-1.0
259	50	47628	ENSG00000004468	ENSG00000254762	-1.0
260	51	18989	ENSG00000004478	ENSG00000200320	-1.0
261	51	34499	ENSG00000004478	ENSG00000233138	1.0
262	51	37248	ENSG00000004478	ENSG00000236472	-1.0
263	51	42221	ENSG00000004478	ENSG00000245864	-1.0
264	51	47628	ENSG00000004478	ENSG00000254762	-1.0
265	52	18989	ENSG00000004487	ENSG00000200320	1.0
266	52	34499	ENSG00000004487	ENSG00000233138	1.0
267	52	37248	ENSG00000004487	ENSG00000236472	-1.0
268	52	42221	ENSG00000004487	ENSG00000245864	1.0
269	52	47628	ENSG00000004487	ENSG00000254762	1.0
270	53	18989	ENSG00000004534	ENSG00000200320	1.0
271	53	34499	ENSG00000004534	ENSG00000233138	1.0
272	53	37248	ENSG00000004534	ENSG00000236472	-1.0
273	53	42221	ENSG00000004534	ENSG00000245864	1.0
274	53	47628	ENSG00000004534	ENSG00000254762	-1.0
275	54	18989	ENSG00000004660	ENSG00000200320	-1.0
276	54	34499	ENSG00000004660	ENSG00000233138	1.0
277	54	37248	ENSG00000004660	ENSG00000236472	1.0
278	54	42221	ENSG00000004660	ENSG00000245864	-1.0
279	54	47628	ENSG00000004660	ENSG00000254762	-1.0
280	55	18989	ENSG00000004700	ENSG00000200320	1.0
281	55	34499	ENSG00000004700	ENSG00000233138	1.0
282	55	37248	ENSG00000004700	ENSG00000236472	-1.0
283	55	42221	ENSG00000004700	ENSG00000245864	1.0
284	55	47628	ENSG00000004700	ENSG00000254762	1.0
285	56	18989	ENSG00000004766	ENSG00000200320	1.0
286	56	34499	ENSG00000004766	ENSG00000233138	-1.0
287	56	37248	ENSG00000004766	ENSG00000236472	1.0
288	56	42221	ENSG00000004766	ENSG00000245864	-1.0
289	56	47628	ENSG00000004766	ENSG00000254762	-1.0
290	57	18989	ENSG00000004776	ENSG00000200320	1.0
291	57	34499	ENSG00000004776	ENSG00000233138	1.0
292	57	37248	ENSG00000004776	ENSG00000236472	-1.0
293	57	42221	ENSG00000004776	ENSG00000245864	-1.0
294	57	47628	ENSG00000004776	ENSG00000254762	-1.0
295	58	18989	ENSG00000004777	ENSG00000200320	-1.0
296	58	34499	ENSG00000004777	ENSG00000233138	-1.0
297	58	37248	ENSG00000004777	ENSG00000236472	1.0
298	58	42221	ENSG00000004777	ENSG00000245864	1.0
299	58	47628	ENSG00000004777	ENSG00000254762	-1.0
300	59	18989	ENSG00000004779	ENSG00000200320	1.0
301	59	34499	ENSG00000004779	ENSG00000233138	-1.0
302	59	37248	ENSG00000004779	ENSG00000236472	1.0
303	59	42221	ENSG00000004779	ENSG00000245864	-1.0
304	59	47628	ENSG00000004779	ENSG00000254762	1.0
305	60	18989	ENSG00000004799	ENSG00000200320	1.0
306	60	34499	ENSG00000004799	ENSG00000233138	-1.0
307	60	37248	ENSG00000004799	ENSG00000236472	-1.0
308	60	42221	ENSG00000004799	ENSG00000245864	-1.0
309	60	47628	ENSG00000004799	ENSG00000254762	-1.0
310	61	18989	ENSG00000004809	ENSG00000200320	-1.0
311	61	34499	ENSG00000004809	ENSG00000233138	1.0
312	61	37248	ENSG00000004809	ENSG00000236472	-1.0
313	61	42221	ENSG00000004809	ENSG00000245864	-1.0
314	61	47628	ENSG00000004809	ENSG00000254762	-1.0
315	62	5543	ENSG00000004838	ENSG00000124237	0.9096475298760033
316	62	7441	ENSG00000004838	ENSG00000136918	0.9155750933193727
317	62	10554	ENSG00000004838	ENSG00000160188	0.916481657597418
318	62	12359	ENSG00000004838	ENSG00000167858	0.9039793612003109
319	62	15266	ENSG00000004838	ENSG00000181378	0.9018543560393332
320	62	18989	ENSG00000004838	ENSG00000200320	-1.0
321	62	25827	ENSG00000004838	ENSG00000222046	0.909907229184999
322	62	34499	ENSG00000004838	ENSG00000233138	-1.0
323	62	37248	ENSG00000004838	ENSG00000236472	-1.0
324	62	42221	ENSG00000004838	ENSG00000245864	-1.0
325	62	47628	ENSG00000004838	ENSG00000254762	-1.0
326	63	18989	ENSG00000004846	ENSG00000200320	-1.0
327	63	34499	ENSG00000004846	ENSG00000233138	1.0
328	63	37248	ENSG00000004846	ENSG00000236472	-1.0
329	63	42221	ENSG00000004846	ENSG00000245864	-1.0
330	63	47628	ENSG00000004846	ENSG00000254762	1.0
331	64	18989	ENSG00000004848	ENSG00000200320	1.0
332	64	34499	ENSG00000004848	ENSG00000233138	-1.0
333	64	37248	ENSG00000004848	ENSG00000236472	1.0
334	64	42221	ENSG00000004848	ENSG00000245864	-1.0
335	64	47628	ENSG00000004848	ENSG00000254762	-1.0
336	65	18989	ENSG00000004864	ENSG00000200320	-1.0
337	65	34499	ENSG00000004864	ENSG00000233138	-1.0
338	65	37248	ENSG00000004864	ENSG00000236472	1.0
339	65	42221	ENSG00000004864	ENSG00000245864	-1.0
340	65	47628	ENSG00000004864	ENSG00000254762	-1.0
341	66	18989	ENSG00000004866	ENSG00000200320	1.0
342	66	34499	ENSG00000004866	ENSG00000233138	-1.0
343	66	37248	ENSG00000004866	ENSG00000236472	-1.0
344	66	42221	ENSG00000004866	ENSG00000245864	-1.0
345	66	47628	ENSG00000004866	ENSG00000254762	-1.0
346	67	18989	ENSG00000004897	ENSG00000200320	-1.0
347	67	34499	ENSG00000004897	ENSG00000233138	1.0
348	67	37248	ENSG00000004897	ENSG00000236472	-1.0
349	67	42221	ENSG00000004897	ENSG00000245864	-1.0
350	67	47628	ENSG00000004897	ENSG00000254762	1.0
351	68	18989	ENSG00000004939	ENSG00000200320	-1.0
352	68	34499	ENSG00000004939	ENSG00000233138	1.0
353	68	37248	ENSG00000004939	ENSG00000236472	-1.0
354	68	42221	ENSG00000004939	ENSG00000245864	1.0
355	68	47628	ENSG00000004939	ENSG00000254762	1.0
356	69	18989	ENSG00000004948	ENSG00000200320	-1.0
357	69	34499	ENSG00000004948	ENSG00000233138	-1.0
358	69	37248	ENSG00000004948	ENSG00000236472	-1.0
359	69	42221	ENSG00000004948	ENSG00000245864	-1.0
360	69	47628	ENSG00000004948	ENSG00000254762	-1.0
361	70	18989	ENSG00000004961	ENSG00000200320	-1.0
362	70	34499	ENSG00000004961	ENSG00000233138	-1.0
363	70	37248	ENSG00000004961	ENSG00000236472	-1.0
364	70	42221	ENSG00000004961	ENSG00000245864	-1.0
365	70	47628	ENSG00000004961	ENSG00000254762	-1.0
366	71	18989	ENSG00000004975	ENSG00000200320	-1.0
367	71	34499	ENSG00000004975	ENSG00000233138	1.0
368	71	37248	ENSG00000004975	ENSG00000236472	1.0
369	71	42221	ENSG00000004975	ENSG00000245864	1.0
370	71	47628	ENSG00000004975	ENSG00000254762	1.0
371	72	18989	ENSG00000005001	ENSG00000200320	-1.0
372	72	34499	ENSG00000005001	ENSG00000233138	-1.0
373	72	37248	ENSG00000005001	ENSG00000236472	-1.0
374	72	42221	ENSG00000005001	ENSG00000245864	-1.0
375	72	47628	ENSG00000005001	ENSG00000254762	-1.0
376	73	18989	ENSG00000005007	ENSG00000200320	-1.0
377	73	34499	ENSG00000005007	ENSG00000233138	1.0
378	73	37248	ENSG00000005007	ENSG00000236472	1.0
379	73	42221	ENSG00000005007	ENSG00000245864	-1.0
380	73	47628	ENSG00000005007	ENSG00000254762	-1.0
381	74	18989	ENSG00000005020	ENSG00000200320	-1.0
382	74	34499	ENSG00000005020	ENSG00000233138	-1.0
383	74	37248	ENSG00000005020	ENSG00000236472	1.0
384	74	42221	ENSG00000005020	ENSG00000245864	-1.0
385	74	47628	ENSG00000005020	ENSG00000254762	-1.0
386	75	18989	ENSG00000005022	ENSG00000200320	-1.0
387	75	34499	ENSG00000005022	ENSG00000233138	1.0
388	75	37248	ENSG00000005022	ENSG00000236472	-1.0
389	75	42221	ENSG00000005022	ENSG00000245864	-1.0
390	75	47628	ENSG00000005022	ENSG00000254762	-1.0
391	76	18989	ENSG00000005059	ENSG00000200320	-1.0
392	76	34499	ENSG00000005059	ENSG00000233138	1.0
393	76	37248	ENSG00000005059	ENSG00000236472	-1.0
394	76	42221	ENSG00000005059	ENSG00000245864	1.0
395	76	47628	ENSG00000005059	ENSG00000254762	1.0
396	77	18989	ENSG00000005073	ENSG00000200320	-1.0
397	77	34499	ENSG00000005073	ENSG00000233138	-1.0
398	77	37248	ENSG00000005073	ENSG00000236472	-1.0
399	77	42221	ENSG00000005073	ENSG00000245864	-1.0
400	77	47628	ENSG00000005073	ENSG00000254762	-1.0
401	78	18989	ENSG00000005075	ENSG00000200320	-1.0
402	78	34499	ENSG00000005075	ENSG00000233138	1.0
403	78	37248	ENSG00000005075	ENSG00000236472	1.0
404	78	42221	ENSG00000005075	ENSG00000245864	-1.0
405	78	47628	ENSG00000005075	ENSG00000254762	-1.0
406	79	18989	ENSG00000005100	ENSG00000200320	1.0
407	79	34499	ENSG00000005100	ENSG00000233138	1.0
408	79	37248	ENSG00000005100	ENSG00000236472	-1.0
409	79	42221	ENSG00000005100	ENSG00000245864	-1.0
410	79	47628	ENSG00000005100	ENSG00000254762	-1.0
411	80	1251	ENSG00000005102	ENSG00000073734	0.9173371510366004
412	80	3334	ENSG00000005102	ENSG00000106436	0.9179404452255839
413	80	4752	ENSG00000005102	ENSG00000117425	0.9192984938184371
414	80	8385	ENSG00000005102	ENSG00000142959	0.9093904309424611
415	80	8508	ENSG00000005102	ENSG00000143536	0.9181834748498322
416	80	10253	ENSG00000005102	ENSG00000157782	0.9195616019125438
417	80	11331	ENSG00000005102	ENSG00000164007	0.9238916216254245
418	80	12175	ENSG00000005102	ENSG00000167139	0.9093638500456308
419	80	14343	ENSG00000005102	ENSG00000176754	0.9177835620018348
420	80	15752	ENSG00000005102	ENSG00000183479	0.9181872328635443
421	80	16493	ENSG00000005102	ENSG00000186207	0.9108820193673451
422	80	18904	ENSG00000005102	ENSG00000200151	0.91892261531953
423	80	18989	ENSG00000005102	ENSG00000200320	-1.0
424	80	20996	ENSG00000005102	ENSG00000205929	0.9191564667600582
425	80	21492	ENSG00000005102	ENSG00000206911	0.9189226153195252
426	80	24252	ENSG00000005102	ENSG00000215455	0.918922615319523
427	80	27256	ENSG00000005102	ENSG00000224336	0.9169231297509347
428	80	27339	ENSG00000005102	ENSG00000224435	0.9161409678487928
429	80	28108	ENSG00000005102	ENSG00000225365	0.9106840305906291
430	80	28792	ENSG00000005102	ENSG00000226206	0.9093218461825503
431	80	30235	ENSG00000005102	ENSG00000227947	0.9034822660878761
432	80	30270	ENSG00000005102	ENSG00000227995	0.9189226153195352
433	80	30494	ENSG00000005102	ENSG00000228271	0.9078285150001771
434	80	30704	ENSG00000005102	ENSG00000228538	0.9189226153195276
435	80	30750	ENSG00000005102	ENSG00000228598	0.9152442182967016
436	80	31051	ENSG00000005102	ENSG00000228971	0.9098030885031961
437	80	31333	ENSG00000005102	ENSG00000229306	0.9189226153195247
438	80	31720	ENSG00000005102	ENSG00000229774	0.9150524740203437
439	80	31867	ENSG00000005102	ENSG00000229957	0.9189226153195239
440	80	32199	ENSG00000005102	ENSG00000230352	0.918922615319521
441	80	32925	ENSG00000005102	ENSG00000231237	0.91892261531953
442	80	33754	ENSG00000005102	ENSG00000232235	0.9189226153195199
443	80	33787	ENSG00000005102	ENSG00000232279	0.9189226153195282
444	80	34201	ENSG00000005102	ENSG00000232783	0.9191923949685213
445	80	34384	ENSG00000005102	ENSG00000233005	0.9163450458539075
446	80	34499	ENSG00000005102	ENSG00000233138	-1.0
447	80	35970	ENSG00000005102	ENSG00000234921	0.9138026249069551
448	80	37186	ENSG00000005102	ENSG00000236398	0.9189226153195252
449	80	37248	ENSG00000005102	ENSG00000236472	-1.0
450	80	37803	ENSG00000005102	ENSG00000237131	0.9189226153195249
451	80	40589	ENSG00000005102	ENSG00000241449	0.916325115720814
452	80	42221	ENSG00000005102	ENSG00000245864	1.0
453	80	42593	ENSG00000005102	ENSG00000248419	0.9189226153195207
454	80	42804	ENSG00000005102	ENSG00000248719	0.9044150616996309
455	80	42848	ENSG00000005102	ENSG00000248777	0.9189226153195249
456	80	43164	ENSG00000005102	ENSG00000249256	0.918922615319529
457	80	43181	ENSG00000005102	ENSG00000249276	0.9189226153195265
458	80	43672	ENSG00000005102	ENSG00000250024	0.9189226153195252
459	80	46778	ENSG00000005102	ENSG00000253793	0.9189226153195279
460	80	46909	ENSG00000005102	ENSG00000253947	0.91892261531953
461	80	47628	ENSG00000005102	ENSG00000254762	-1.0
462	80	48522	ENSG00000005102	ENSG00000255863	0.9189226152063229
463	80	50752	ENSG00000005102	ENSG00000259044	0.9189226153195279
464	80	50756	ENSG00000005102	ENSG00000259048	0.9031078081249845
465	80	51130	ENSG00000005102	ENSG00000259452	0.9189226153195311
466	80	51373	ENSG00000005102	ENSG00000259724	0.9173418568605307
467	80	52601	ENSG00000005102	ENSG00000261026	0.9050980234602541
468	80	52696	ENSG00000005102	ENSG00000261122	0.9201498136100393
469	80	53216	ENSG00000005102	ENSG00000261665	0.9189226153195217
470	80	55938	ENSG00000005102	ENSG00000264729	0.918922615319526
471	80	56314	ENSG00000005102	ENSG00000265123	0.9189226153195317
472	80	58332	ENSG00000005102	ENSG00000267238	0.9189226153195231
473	80	59873	ENSG00000005102	ENSG00000268926	0.908319766986841
474	81	18989	ENSG00000005108	ENSG00000200320	-1.0
475	81	34499	ENSG00000005108	ENSG00000233138	1.0
476	81	37248	ENSG00000005108	ENSG00000236472	-1.0
477	81	42221	ENSG00000005108	ENSG00000245864	-1.0
478	81	47628	ENSG00000005108	ENSG00000254762	-1.0
479	82	18989	ENSG00000005156	ENSG00000200320	1.0
480	82	34499	ENSG00000005156	ENSG00000233138	1.0
481	82	37248	ENSG00000005156	ENSG00000236472	-1.0
482	82	42221	ENSG00000005156	ENSG00000245864	1.0
483	82	47628	ENSG00000005156	ENSG00000254762	-1.0
484	83	18989	ENSG00000005175	ENSG00000200320	1.0
485	83	34499	ENSG00000005175	ENSG00000233138	1.0
486	83	37248	ENSG00000005175	ENSG00000236472	-1.0
487	83	42221	ENSG00000005175	ENSG00000245864	-1.0
488	83	47628	ENSG00000005175	ENSG00000254762	-1.0
489	84	18989	ENSG00000005187	ENSG00000200320	-1.0
490	84	34499	ENSG00000005187	ENSG00000233138	-1.0
491	84	37248	ENSG00000005187	ENSG00000236472	-1.0
492	84	42221	ENSG00000005187	ENSG00000245864	-1.0
493	84	47628	ENSG00000005187	ENSG00000254762	-1.0
494	85	18989	ENSG00000005189	ENSG00000200320	1.0
495	85	34499	ENSG00000005189	ENSG00000233138	1.0
496	85	37248	ENSG00000005189	ENSG00000236472	-1.0
497	85	42221	ENSG00000005189	ENSG00000245864	1.0
498	85	47628	ENSG00000005189	ENSG00000254762	-1.0
499	86	18989	ENSG00000005194	ENSG00000200320	1.0
500	86	34499	ENSG00000005194	ENSG00000233138	-1.0
501	86	37248	ENSG00000005194	ENSG00000236472	-1.0
502	86	42221	ENSG00000005194	ENSG00000245864	1.0
503	86	47628	ENSG00000005194	ENSG00000254762	1.0
504	87	18989	ENSG00000005206	ENSG00000200320	-1.0
505	87	34499	ENSG00000005206	ENSG00000233138	1.0
506	87	37248	ENSG00000005206	ENSG00000236472	1.0
507	87	42221	ENSG00000005206	ENSG00000245864	1.0
508	87	47628	ENSG00000005206	ENSG00000254762	1.0
509	88	18989	ENSG00000005238	ENSG00000200320	-1.0
510	88	34499	ENSG00000005238	ENSG00000233138	-1.0
511	88	37248	ENSG00000005238	ENSG00000236472	-1.0
512	88	42221	ENSG00000005238	ENSG00000245864	1.0
513	88	47628	ENSG00000005238	ENSG00000254762	1.0
514	89	18989	ENSG00000005243	ENSG00000200320	-1.0
515	89	34499	ENSG00000005243	ENSG00000233138	1.0
516	89	37248	ENSG00000005243	ENSG00000236472	1.0
517	89	42221	ENSG00000005243	ENSG00000245864	1.0
518	89	47628	ENSG00000005243	ENSG00000254762	-1.0
519	90	18989	ENSG00000005249	ENSG00000200320	-1.0
520	90	34499	ENSG00000005249	ENSG00000233138	-1.0
521	90	37248	ENSG00000005249	ENSG00000236472	-1.0
522	90	42221	ENSG00000005249	ENSG00000245864	-1.0
523	90	47628	ENSG00000005249	ENSG00000254762	-1.0
524	91	18989	ENSG00000005302	ENSG00000200320	-1.0
525	91	34499	ENSG00000005302	ENSG00000233138	-1.0
526	91	37248	ENSG00000005302	ENSG00000236472	-1.0
527	91	42221	ENSG00000005302	ENSG00000245864	1.0
528	91	47628	ENSG00000005302	ENSG00000254762	-1.0
529	92	18989	ENSG00000005339	ENSG00000200320	1.0
530	92	34499	ENSG00000005339	ENSG00000233138	1.0
531	92	37248	ENSG00000005339	ENSG00000236472	-1.0
532	92	42221	ENSG00000005339	ENSG00000245864	1.0
533	92	47628	ENSG00000005339	ENSG00000254762	1.0
534	93	18989	ENSG00000005379	ENSG00000200320	-1.0
535	93	34499	ENSG00000005379	ENSG00000233138	1.0
536	93	37248	ENSG00000005379	ENSG00000236472	1.0
537	93	42221	ENSG00000005379	ENSG00000245864	1.0
538	93	47628	ENSG00000005379	ENSG00000254762	-1.0
539	94	18989	ENSG00000005381	ENSG00000200320	-1.0
540	94	34499	ENSG00000005381	ENSG00000233138	1.0
541	94	37248	ENSG00000005381	ENSG00000236472	1.0
542	94	42221	ENSG00000005381	ENSG00000245864	-1.0
543	94	47628	ENSG00000005381	ENSG00000254762	1.0
544	95	18989	ENSG00000005421	ENSG00000200320	1.0
545	95	34499	ENSG00000005421	ENSG00000233138	-1.0
546	95	37248	ENSG00000005421	ENSG00000236472	-1.0
547	95	42221	ENSG00000005421	ENSG00000245864	-1.0
548	95	47628	ENSG00000005421	ENSG00000254762	-1.0
549	96	18989	ENSG00000005436	ENSG00000200320	1.0
550	96	34499	ENSG00000005436	ENSG00000233138	1.0
551	96	37248	ENSG00000005436	ENSG00000236472	1.0
552	96	42221	ENSG00000005436	ENSG00000245864	-1.0
553	96	47628	ENSG00000005436	ENSG00000254762	-1.0
554	97	18989	ENSG00000005448	ENSG00000200320	-1.0
555	97	34499	ENSG00000005448	ENSG00000233138	1.0
556	97	37248	ENSG00000005448	ENSG00000236472	-1.0
557	97	42221	ENSG00000005448	ENSG00000245864	1.0
558	97	47628	ENSG00000005448	ENSG00000254762	-1.0
559	98	18989	ENSG00000005469	ENSG00000200320	-1.0
560	98	34499	ENSG00000005469	ENSG00000233138	1.0
561	98	37248	ENSG00000005469	ENSG00000236472	1.0
562	98	42221	ENSG00000005469	ENSG00000245864	-1.0
563	98	47628	ENSG00000005469	ENSG00000254762	-1.0
564	99	18989	ENSG00000005471	ENSG00000200320	1.0
565	99	34499	ENSG00000005471	ENSG00000233138	-1.0
566	99	37248	ENSG00000005471	ENSG00000236472	-1.0
567	99	42221	ENSG00000005471	ENSG00000245864	1.0
568	99	47628	ENSG00000005471	ENSG00000254762	1.0
569	100	18989	ENSG00000005483	ENSG00000200320	-1.0
570	100	34499	ENSG00000005483	ENSG00000233138	-1.0
571	100	37248	ENSG00000005483	ENSG00000236472	-1.0
572	100	42221	ENSG00000005483	ENSG00000245864	-1.0
573	100	47628	ENSG00000005483	ENSG00000254762	-1.0
574	101	18989	ENSG00000005486	ENSG00000200320	-1.0
575	101	34499	ENSG00000005486	ENSG00000233138	1.0
576	101	37248	ENSG00000005486	ENSG00000236472	-1.0
577	101	42221	ENSG00000005486	ENSG00000245864	-1.0
578	101	47628	ENSG00000005486	ENSG00000254762	-1.0
579	102	571	ENSG00000005513	ENSG00000039987	0.9820397234257514
580	102	659	ENSG00000005513	ENSG00000049089	0.9097282684969951
581	102	1458	ENSG00000005513	ENSG00000078900	0.9562549360140558
582	102	2223	ENSG00000005513	ENSG00000100146	0.9501950358449455
583	102	2891	ENSG00000005513	ENSG00000104044	0.964788453062123
584	102	3469	ENSG00000005513	ENSG00000107736	0.9558682310364252
585	102	3611	ENSG00000005513	ENSG00000108702	0.9893594750466761
586	102	4994	ENSG00000005513	ENSG00000119715	0.9610727590536617
587	102	5899	ENSG00000005513	ENSG00000126759	0.9093011609591665
588	102	6504	ENSG00000005513	ENSG00000131409	0.9770260194805863
589	102	6533	ENSG00000005513	ENSG00000131650	0.9826713607061527
590	102	7167	ENSG00000005513	ENSG00000135519	0.9220965364829483
591	102	8293	ENSG00000005513	ENSG00000142182	0.9226043757453818
592	102	8823	ENSG00000005513	ENSG00000145721	0.9133227647297579
593	102	9085	ENSG00000005513	ENSG00000147571	0.9287017349445866
594	102	9753	ENSG00000005513	ENSG00000153303	0.9828456627700668
595	102	10527	ENSG00000005513	ENSG00000160013	0.9355991876012341
596	102	10573	ENSG00000005513	ENSG00000160223	0.975684387696572
597	102	10574	ENSG00000005513	ENSG00000160224	0.9734521559605944
598	102	10581	ENSG00000005513	ENSG00000160282	0.9568511918967983
599	102	10614	ENSG00000005513	ENSG00000160471	0.9826998303225299
600	102	11279	ENSG00000005513	ENSG00000163825	0.9879662929976355
601	102	11446	ENSG00000005513	ENSG00000164303	0.9859290649165623
602	102	11689	ENSG00000005513	ENSG00000165238	0.9413000141147003
603	102	11799	ENSG00000005513	ENSG00000165695	0.9321296497940421
604	102	12395	ENSG00000005513	ENSG00000167992	0.9531386527615233
605	102	12853	ENSG00000005513	ENSG00000169896	0.9205619355130593
606	102	12998	ENSG00000005513	ENSG00000170486	0.9728824103303745
607	102	13570	ENSG00000005513	ENSG00000172867	0.9867486289382731
608	102	14057	ENSG00000005513	ENSG00000175325	0.9167374400769491
609	102	14467	ENSG00000005513	ENSG00000177301	0.9785182379064377
610	102	14682	ENSG00000005513	ENSG00000178372	0.9344803803128383
611	102	14863	ENSG00000005513	ENSG00000179253	0.9852780401549455
612	102	15635	ENSG00000005513	ENSG00000183024	0.9457172225635412
613	102	15771	ENSG00000005513	ENSG00000183560	0.9508342814621167
614	102	16251	ENSG00000005513	ENSG00000185313	0.9000874863685181
615	102	16441	ENSG00000005513	ENSG00000186049	0.9791250424040242
616	102	16640	ENSG00000005513	ENSG00000186827	0.901021151276518
617	102	16880	ENSG00000005513	ENSG00000187855	0.989097905148363
618	102	16986	ENSG00000005513	ENSG00000188263	0.9771161378710497
619	102	17301	ENSG00000005513	ENSG00000189433	0.9352103601797365
620	102	17315	ENSG00000005513	ENSG00000196091	0.9795657172869746
621	102	17506	ENSG00000005513	ENSG00000196566	0.9209046785726336
622	102	17681	ENSG00000005513	ENSG00000197084	0.9729672426066576
623	102	18005	ENSG00000005513	ENSG00000197993	0.9806356699363108
624	102	18989	ENSG00000005513	ENSG00000200320	-1.0
625	102	19748	ENSG00000005513	ENSG00000201922	0.9897361358711135
626	102	20092	ENSG00000005513	ENSG00000203402	0.978000863492867
627	102	20276	ENSG00000005513	ENSG00000203867	0.9597419358218334
628	102	20499	ENSG00000005513	ENSG00000204456	0.989736135871117
629	102	20781	ENSG00000005513	ENSG00000205174	0.9507504422544554
630	102	23077	ENSG00000005513	ENSG00000212766	0.9437448994085177
631	102	23209	ENSG00000005513	ENSG00000213158	0.9897361358711138
632	102	25731	ENSG00000005513	ENSG00000221837	0.9897361358711213
633	102	25758	ENSG00000005513	ENSG00000221891	0.9467207577972959
634	102	27897	ENSG00000005513	ENSG00000225106	0.9670340565953187
635	102	28192	ENSG00000005513	ENSG00000225469	0.9897361358711214
636	102	28543	ENSG00000005513	ENSG00000225913	0.907050753407389
637	102	28996	ENSG00000005513	ENSG00000226448	0.9897361358711173
638	102	30243	ENSG00000005513	ENSG00000227958	0.9186352992691684
639	102	30881	ENSG00000005513	ENSG00000228767	0.9573014724577175
640	102	31461	ENSG00000005513	ENSG00000229462	0.9693866314486891
641	102	32577	ENSG00000005513	ENSG00000230813	0.9897361358711156
642	102	33561	ENSG00000005513	ENSG00000232001	0.9236675635619966
643	102	33569	ENSG00000005513	ENSG00000232010	0.955762366322497
644	102	33760	ENSG00000005513	ENSG00000232242	0.9897361358711189
645	102	33914	ENSG00000005513	ENSG00000232433	0.906889655074709
646	102	34152	ENSG00000005513	ENSG00000232722	0.9782705258385086
647	102	34499	ENSG00000005513	ENSG00000233138	-1.0
648	102	35011	ENSG00000005513	ENSG00000233767	0.9897361358711128
649	102	35152	ENSG00000005513	ENSG00000233936	0.9255059467212393
650	102	35406	ENSG00000005513	ENSG00000234230	0.9897361358711156
651	102	35684	ENSG00000005513	ENSG00000234570	0.9897361358711206
652	102	36319	ENSG00000005513	ENSG00000235329	0.9486897586819599
653	102	36413	ENSG00000005513	ENSG00000235447	0.9458616203859235
654	102	37097	ENSG00000005513	ENSG00000236294	0.989736135871115
655	102	37248	ENSG00000005513	ENSG00000236472	-1.0
656	102	37957	ENSG00000005513	ENSG00000237320	0.9032215289289567
657	102	37969	ENSG00000005513	ENSG00000237332	0.9897361358711193
658	102	37975	ENSG00000005513	ENSG00000237338	0.9130860596868304
659	102	38003	ENSG00000005513	ENSG00000237372	0.9814808756784941
660	102	39992	ENSG00000005513	ENSG00000240156	0.9897361358711146
661	102	40639	ENSG00000005513	ENSG00000241550	0.9897361358711168
662	102	40717	ENSG00000005513	ENSG00000241722	0.9897361358711197
663	102	40806	ENSG00000005513	ENSG00000241911	0.9897361358711139
664	102	40980	ENSG00000005513	ENSG00000242267	0.9076712150030329
665	102	41233	ENSG00000005513	ENSG00000242797	0.9813929377819033
666	102	41905	ENSG00000005513	ENSG00000244236	0.9897361358711171
667	102	42221	ENSG00000005513	ENSG00000245864	-1.0
668	102	43742	ENSG00000005513	ENSG00000250125	0.9877601141739056
669	102	44631	ENSG00000005513	ENSG00000251391	0.9502943360286992
670	102	44855	ENSG00000005513	ENSG00000251691	0.9493033694184277
671	102	45972	ENSG00000005513	ENSG00000252901	0.9897361358711176
672	102	46542	ENSG00000005513	ENSG00000253535	0.9816039382598261
673	102	46732	ENSG00000005513	ENSG00000253740	0.9897361358711144
674	102	46790	ENSG00000005513	ENSG00000253806	0.9897361358711143
675	102	47063	ENSG00000005513	ENSG00000254126	0.9717640058504278
676	102	47302	ENSG00000005513	ENSG00000254406	0.9561615948039306
677	102	47628	ENSG00000005513	ENSG00000254762	-1.0
678	102	47910	ENSG00000005513	ENSG00000255075	0.9897361358711136
679	102	48193	ENSG00000005513	ENSG00000255369	0.989736135871117
680	102	48355	ENSG00000005513	ENSG00000255540	0.9075706732820625
681	102	48623	ENSG00000005513	ENSG00000256045	0.9897361358711128
682	102	48884	ENSG00000005513	ENSG00000256574	0.9367554850480411
683	102	50325	ENSG00000005513	ENSG00000258585	0.9894543300988394
684	102	50525	ENSG00000005513	ENSG00000258799	0.9897361358711171
685	102	50573	ENSG00000005513	ENSG00000258853	0.9196810549955426
686	102	50707	ENSG00000005513	ENSG00000258997	0.9839838029392651
687	102	52321	ENSG00000005513	ENSG00000260739	0.9152160076599314
688	102	52388	ENSG00000005513	ENSG00000260807	0.9701579004076214
689	102	53521	ENSG00000005513	ENSG00000262003	0.9225429573621923
690	102	54202	ENSG00000005513	ENSG00000262836	0.9180039752579687
691	102	57402	ENSG00000005513	ENSG00000266268	0.9074290490048493
692	102	58790	ENSG00000005513	ENSG00000267706	0.9868325775451331
693	102	60288	ENSG00000005513	ENSG00000269404	0.987354096905924
694	102	61512	ENSG00000005513	ENSG00000270831	0.9804401078629648
695	102	61848	ENSG00000005513	ENSG00000271202	0.9897361358711186
696	102	61929	ENSG00000005513	ENSG00000271290	0.9317692627357205
697	103	18989	ENSG00000005700	ENSG00000200320	1.0
698	103	34499	ENSG00000005700	ENSG00000233138	-1.0
699	103	37248	ENSG00000005700	ENSG00000236472	-1.0
700	103	42221	ENSG00000005700	ENSG00000245864	-1.0
701	103	47628	ENSG00000005700	ENSG00000254762	-1.0
702	104	18989	ENSG00000005801	ENSG00000200320	1.0
703	104	34499	ENSG00000005801	ENSG00000233138	-1.0
704	104	37248	ENSG00000005801	ENSG00000236472	-1.0
705	104	42221	ENSG00000005801	ENSG00000245864	1.0
706	104	47628	ENSG00000005801	ENSG00000254762	-1.0
707	105	18989	ENSG00000005810	ENSG00000200320	1.0
708	105	34499	ENSG00000005810	ENSG00000233138	-1.0
709	105	37248	ENSG00000005810	ENSG00000236472	1.0
710	105	42221	ENSG00000005810	ENSG00000245864	1.0
711	105	47628	ENSG00000005810	ENSG00000254762	-1.0
712	106	18989	ENSG00000005812	ENSG00000200320	1.0
713	106	34499	ENSG00000005812	ENSG00000233138	-1.0
714	106	37248	ENSG00000005812	ENSG00000236472	1.0
715	106	42221	ENSG00000005812	ENSG00000245864	-1.0
716	106	47628	ENSG00000005812	ENSG00000254762	-1.0
717	107	3869	ENSG00000005844	ENSG00000110934	0.9040104128941256
718	107	16575	ENSG00000005844	ENSG00000186517	0.9015734543223208
719	107	18989	ENSG00000005844	ENSG00000200320	-1.0
720	107	34499	ENSG00000005844	ENSG00000233138	-1.0
721	107	37248	ENSG00000005844	ENSG00000236472	-1.0
722	107	42221	ENSG00000005844	ENSG00000245864	-1.0
723	107	47628	ENSG00000005844	ENSG00000254762	1.0
724	108	18989	ENSG00000005882	ENSG00000200320	-1.0
725	108	34499	ENSG00000005882	ENSG00000233138	-1.0
726	108	37248	ENSG00000005882	ENSG00000236472	-1.0
727	108	42221	ENSG00000005882	ENSG00000245864	1.0
728	108	47628	ENSG00000005882	ENSG00000254762	1.0
729	109	18989	ENSG00000005884	ENSG00000200320	-1.0
730	109	34499	ENSG00000005884	ENSG00000233138	-1.0
731	109	37248	ENSG00000005884	ENSG00000236472	-1.0
732	109	42221	ENSG00000005884	ENSG00000245864	-1.0
733	109	47628	ENSG00000005884	ENSG00000254762	1.0
734	110	18989	ENSG00000005889	ENSG00000200320	1.0
735	110	34499	ENSG00000005889	ENSG00000233138	1.0
736	110	37248	ENSG00000005889	ENSG00000236472	-1.0
737	110	42221	ENSG00000005889	ENSG00000245864	1.0
738	110	47628	ENSG00000005889	ENSG00000254762	-1.0
739	111	18989	ENSG00000005893	ENSG00000200320	-1.0
740	111	34499	ENSG00000005893	ENSG00000233138	1.0
741	111	37248	ENSG00000005893	ENSG00000236472	-1.0
742	111	42221	ENSG00000005893	ENSG00000245864	-1.0
743	111	47628	ENSG00000005893	ENSG00000254762	-1.0
744	112	18989	ENSG00000005955	ENSG00000200320	-1.0
745	112	34499	ENSG00000005955	ENSG00000233138	1.0
746	112	37248	ENSG00000005955	ENSG00000236472	-1.0
747	112	42221	ENSG00000005955	ENSG00000245864	-1.0
748	112	47628	ENSG00000005955	ENSG00000254762	-1.0
749	113	18989	ENSG00000005961	ENSG00000200320	-1.0
750	113	34499	ENSG00000005961	ENSG00000233138	1.0
751	113	37248	ENSG00000005961	ENSG00000236472	-1.0
752	113	42221	ENSG00000005961	ENSG00000245864	1.0
753	113	47628	ENSG00000005961	ENSG00000254762	-1.0
754	114	15294	ENSG00000005981	ENSG00000181552	0.9127863431977938
755	114	17708	ENSG00000005981	ENSG00000197161	0.9468071107362453
756	114	18989	ENSG00000005981	ENSG00000200320	-1.0
757	114	20145	ENSG00000005981	ENSG00000203505	0.946807110736252
758	114	27858	ENSG00000005981	ENSG00000225055	0.9468071107362506
759	114	28037	ENSG00000005981	ENSG00000225276	0.9468071107362418
760	114	29906	ENSG00000005981	ENSG00000227528	0.9468071107362477
761	114	32850	ENSG00000005981	ENSG00000231144	0.9468071107362418
762	114	33482	ENSG00000005981	ENSG00000231910	0.9468071107362444
763	114	34499	ENSG00000005981	ENSG00000233138	-1.0
764	114	36022	ENSG00000005981	ENSG00000234986	0.9468071107362421
765	114	37248	ENSG00000005981	ENSG00000236472	-1.0
766	114	40360	ENSG00000005981	ENSG00000240966	0.9468071107362461
767	114	40493	ENSG00000005981	ENSG00000241230	0.9468071107362497
768	114	40683	ENSG00000005981	ENSG00000241648	0.9468071107362438
769	114	41552	ENSG00000005981	ENSG00000243507	0.9468071107362406
770	114	42221	ENSG00000005981	ENSG00000245864	-1.0
771	114	43980	ENSG00000005981	ENSG00000250456	0.9400221562051742
772	114	46809	ENSG00000005981	ENSG00000253828	0.9468071107362408
773	114	47628	ENSG00000005981	ENSG00000254762	-1.0
774	114	49710	ENSG00000005981	ENSG00000257847	0.946807110736245
775	114	50206	ENSG00000005981	ENSG00000258452	0.9468071107362457
776	114	52162	ENSG00000005981	ENSG00000260568	0.9468071107362446
777	114	55019	ENSG00000005981	ENSG00000263769	0.946807110736245
778	114	60323	ENSG00000005981	ENSG00000269449	0.9750457513818129
779	114	62743	ENSG00000005981	ENSG00000272157	0.9379658393967482
780	115	18989	ENSG00000006007	ENSG00000200320	-1.0
781	115	34499	ENSG00000006007	ENSG00000233138	-1.0
782	115	37248	ENSG00000006007	ENSG00000236472	-1.0
783	115	42221	ENSG00000006007	ENSG00000245864	-1.0
784	115	47628	ENSG00000006007	ENSG00000254762	1.0
785	116	18989	ENSG00000006015	ENSG00000200320	-1.0
786	116	34499	ENSG00000006015	ENSG00000233138	1.0
787	116	37248	ENSG00000006015	ENSG00000236472	1.0
788	116	42221	ENSG00000006015	ENSG00000245864	1.0
789	116	47628	ENSG00000006015	ENSG00000254762	-1.0
790	117	18989	ENSG00000006016	ENSG00000200320	1.0
791	117	34499	ENSG00000006016	ENSG00000233138	-1.0
792	117	37248	ENSG00000006016	ENSG00000236472	1.0
793	117	42221	ENSG00000006016	ENSG00000245864	-1.0
794	117	47628	ENSG00000006016	ENSG00000254762	-1.0
795	118	18989	ENSG00000006025	ENSG00000200320	1.0
796	118	34499	ENSG00000006025	ENSG00000233138	1.0
797	118	37248	ENSG00000006025	ENSG00000236472	1.0
798	118	42221	ENSG00000006025	ENSG00000245864	1.0
799	118	47628	ENSG00000006025	ENSG00000254762	1.0
800	119	18989	ENSG00000006042	ENSG00000200320	-1.0
801	119	34499	ENSG00000006042	ENSG00000233138	-1.0
802	119	37248	ENSG00000006042	ENSG00000236472	1.0
803	119	42221	ENSG00000006042	ENSG00000245864	1.0
804	119	47628	ENSG00000006042	ENSG00000254762	1.0
805	120	18989	ENSG00000006047	ENSG00000200320	-1.0
806	120	34499	ENSG00000006047	ENSG00000233138	-1.0
807	120	37248	ENSG00000006047	ENSG00000236472	-1.0
808	120	42221	ENSG00000006047	ENSG00000245864	-1.0
809	120	47628	ENSG00000006047	ENSG00000254762	-1.0
810	121	18989	ENSG00000006059	ENSG00000200320	-1.0
811	121	34499	ENSG00000006059	ENSG00000233138	-1.0
812	121	37248	ENSG00000006059	ENSG00000236472	-1.0
813	121	42221	ENSG00000006059	ENSG00000245864	-1.0
814	121	47628	ENSG00000006059	ENSG00000254762	-1.0
815	122	18989	ENSG00000006062	ENSG00000200320	-1.0
816	122	34499	ENSG00000006062	ENSG00000233138	-1.0
817	122	37248	ENSG00000006062	ENSG00000236472	-1.0
818	122	42221	ENSG00000006062	ENSG00000245864	1.0
819	122	47628	ENSG00000006062	ENSG00000254762	1.0
820	123	365	ENSG00000006071	ENSG00000015520	0.9480079658523782
821	123	18989	ENSG00000006071	ENSG00000200320	1.0
822	123	34499	ENSG00000006071	ENSG00000233138	1.0
823	123	37248	ENSG00000006071	ENSG00000236472	-1.0
824	123	42221	ENSG00000006071	ENSG00000245864	-1.0
825	123	47628	ENSG00000006071	ENSG00000254762	-1.0
826	124	18989	ENSG00000006074	ENSG00000200320	1.0
827	124	34499	ENSG00000006074	ENSG00000233138	1.0
828	124	37248	ENSG00000006074	ENSG00000236472	-1.0
829	124	42221	ENSG00000006074	ENSG00000245864	1.0
830	124	47628	ENSG00000006074	ENSG00000254762	1.0
831	125	18989	ENSG00000006075	ENSG00000200320	-1.0
832	125	34499	ENSG00000006075	ENSG00000233138	1.0
833	125	37248	ENSG00000006075	ENSG00000236472	-1.0
834	125	42221	ENSG00000006075	ENSG00000245864	-1.0
835	125	47628	ENSG00000006075	ENSG00000254762	1.0
836	126	18989	ENSG00000006114	ENSG00000200320	1.0
837	126	34499	ENSG00000006114	ENSG00000233138	1.0
838	126	37248	ENSG00000006114	ENSG00000236472	-1.0
839	126	42221	ENSG00000006114	ENSG00000245864	-1.0
840	126	47628	ENSG00000006114	ENSG00000254762	1.0
841	127	1436	ENSG00000006116	ENSG00000078328	0.93985148764294
842	127	14372	ENSG00000006116	ENSG00000176893	0.9738850562508463
843	127	15562	ENSG00000006116	ENSG00000182747	0.9190667145112517
844	127	18989	ENSG00000006116	ENSG00000200320	-1.0
845	127	24377	ENSG00000006116	ENSG00000215873	0.9701617492965147
846	127	29558	ENSG00000006116	ENSG00000227115	0.9387569128240653
847	127	34499	ENSG00000006116	ENSG00000233138	-1.0
848	127	37248	ENSG00000006116	ENSG00000236472	-1.0
849	127	39657	ENSG00000006116	ENSG00000239446	0.9909852759936836
850	127	41592	ENSG00000006116	ENSG00000243593	0.9949607481399809
851	127	41844	ENSG00000006116	ENSG00000244112	0.9089327191398358
852	127	41940	ENSG00000006116	ENSG00000244296	0.9934792910072795
853	127	42221	ENSG00000006116	ENSG00000245864	-1.0
854	127	47628	ENSG00000006116	ENSG00000254762	-1.0
855	128	18989	ENSG00000006118	ENSG00000200320	1.0
856	128	34499	ENSG00000006118	ENSG00000233138	1.0
857	128	37248	ENSG00000006118	ENSG00000236472	-1.0
858	128	42221	ENSG00000006118	ENSG00000245864	1.0
859	128	47628	ENSG00000006118	ENSG00000254762	-1.0
860	129	18989	ENSG00000006125	ENSG00000200320	-1.0
861	129	34499	ENSG00000006125	ENSG00000233138	1.0
862	129	35318	ENSG00000006125	ENSG00000234130	0.9076458639697192
863	129	37248	ENSG00000006125	ENSG00000236472	-1.0
864	129	42221	ENSG00000006125	ENSG00000245864	-1.0
865	129	47628	ENSG00000006125	ENSG00000254762	1.0
866	130	18989	ENSG00000006128	ENSG00000200320	-1.0
867	130	34499	ENSG00000006128	ENSG00000233138	-1.0
868	130	37248	ENSG00000006128	ENSG00000236472	-1.0
869	130	42221	ENSG00000006128	ENSG00000245864	-1.0
870	130	47628	ENSG00000006128	ENSG00000254762	-1.0
871	131	18989	ENSG00000006194	ENSG00000200320	1.0
872	131	34499	ENSG00000006194	ENSG00000233138	-1.0
873	131	37248	ENSG00000006194	ENSG00000236472	1.0
874	131	42221	ENSG00000006194	ENSG00000245864	1.0
875	131	47628	ENSG00000006194	ENSG00000254762	1.0
876	132	18989	ENSG00000006210	ENSG00000200320	-1.0
877	132	34499	ENSG00000006210	ENSG00000233138	-1.0
878	132	37248	ENSG00000006210	ENSG00000236472	-1.0
879	132	42221	ENSG00000006210	ENSG00000245864	1.0
880	132	47628	ENSG00000006210	ENSG00000254762	-1.0
881	133	18989	ENSG00000006282	ENSG00000200320	1.0
882	133	34499	ENSG00000006282	ENSG00000233138	-1.0
883	133	37248	ENSG00000006282	ENSG00000236472	-1.0
884	133	42221	ENSG00000006282	ENSG00000245864	1.0
885	133	47628	ENSG00000006282	ENSG00000254762	1.0
886	134	3509	ENSG00000006283	ENSG00000108001	0.9148012555773029
887	134	4106	ENSG00000006283	ENSG00000112462	0.9402217347548344
888	134	4189	ENSG00000006283	ENSG00000113196	0.9313934348798043
889	134	5453	ENSG00000006283	ENSG00000123576	0.9382201897010711
890	134	5512	ENSG00000006283	ENSG00000124159	0.9006213462880215
891	134	10682	ENSG00000006283	ENSG00000160963	0.9068091910184701
892	134	15124	ENSG00000006283	ENSG00000180660	0.9188618619184135
893	134	16416	ENSG00000006283	ENSG00000185960	0.9394654094321875
894	134	18212	ENSG00000006283	ENSG00000198601	0.9402217347548371
895	134	18644	ENSG00000006283	ENSG00000199572	0.940221734754844
896	134	18967	ENSG00000006283	ENSG00000200278	0.9383807563567763
897	134	18989	ENSG00000006283	ENSG00000200320	1.0
898	134	21242	ENSG00000006283	ENSG00000206600	0.9402217347548424
899	134	21357	ENSG00000006283	ENSG00000206743	0.9402217347548402
900	134	24626	ENSG00000006283	ENSG00000217135	0.9402217347548406
901	134	24655	ENSG00000006283	ENSG00000217334	0.940221734754836
902	134	24806	ENSG00000006283	ENSG00000218672	0.9238688104550544
903	134	26634	ENSG00000006283	ENSG00000223589	0.9402217347548362
904	134	26837	ENSG00000006283	ENSG00000223831	0.9402217347548439
905	134	27104	ENSG00000006283	ENSG00000224149	0.9178838684420064
906	134	27347	ENSG00000006283	ENSG00000224443	0.9160887323777597
907	134	27521	ENSG00000006283	ENSG00000224648	0.9402217347548342
908	134	27725	ENSG00000006283	ENSG00000224893	0.9332308554591868
909	134	28158	ENSG00000006283	ENSG00000225424	0.9402217347548318
910	134	28417	ENSG00000006283	ENSG00000225750	0.9402217347548424
911	134	29512	ENSG00000006283	ENSG00000227059	0.9082917861063318
912	134	29771	ENSG00000006283	ENSG00000227365	0.9402217347548407
913	134	29950	ENSG00000006283	ENSG00000227584	0.9402217347548334
914	134	30644	ENSG00000006283	ENSG00000228462	0.9402217347548286
915	134	31076	ENSG00000006283	ENSG00000228999	0.9402217347548439
916	134	32350	ENSG00000006283	ENSG00000230531	0.9402217347548404
917	134	32744	ENSG00000006283	ENSG00000231015	0.9120290084340096
918	134	32920	ENSG00000006283	ENSG00000231232	0.9402217347548378
919	134	33232	ENSG00000006283	ENSG00000231601	0.9377813830633323
920	134	33739	ENSG00000006283	ENSG00000232217	0.9402217347548427
921	134	33986	ENSG00000006283	ENSG00000232522	0.9402217347548402
922	134	34153	ENSG00000006283	ENSG00000232723	0.9402217347548353
923	134	34215	ENSG00000006283	ENSG00000232799	0.9402217347548366
924	134	34439	ENSG00000006283	ENSG00000233068	0.9243637342333053
925	134	34499	ENSG00000006283	ENSG00000233138	-1.0
926	134	35787	ENSG00000006283	ENSG00000234696	0.9245238982381447
927	134	36200	ENSG00000006283	ENSG00000235193	0.9402217347548353
928	134	36650	ENSG00000006283	ENSG00000235729	0.9402217347548443
929	134	37248	ENSG00000006283	ENSG00000236472	-1.0
930	134	37307	ENSG00000006283	ENSG00000236536	0.9104415625491524
931	134	37432	ENSG00000006283	ENSG00000236692	0.917912031513919
932	134	37902	ENSG00000006283	ENSG00000237257	0.9402217347548347
933	134	38236	ENSG00000006283	ENSG00000237645	0.9402217347548326
934	134	38666	ENSG00000006283	ENSG00000238176	0.9402217347548371
935	134	39544	ENSG00000006283	ENSG00000239199	0.9402217347548372
936	134	40751	ENSG00000006283	ENSG00000241788	0.9402217347548394
937	134	42221	ENSG00000006283	ENSG00000245864	1.0
938	134	43660	ENSG00000006283	ENSG00000250001	0.9402217347548335
939	134	43892	ENSG00000006283	ENSG00000250340	0.9402217347548417
940	134	44110	ENSG00000006283	ENSG00000250637	0.9402217347548311
941	134	45189	ENSG00000006283	ENSG00000252051	0.9402217347548404
942	134	46866	ENSG00000006283	ENSG00000253894	0.9402217347548337
943	134	47628	ENSG00000006283	ENSG00000254762	-1.0
944	134	50113	ENSG00000006283	ENSG00000258350	0.9402217347548393
945	134	50258	ENSG00000006283	ENSG00000258507	0.9402217347548426
946	134	50385	ENSG00000006283	ENSG00000258650	0.9402217347548363
947	134	51609	ENSG00000006283	ENSG00000259978	0.9402217347548373
948	134	52033	ENSG00000006283	ENSG00000260426	0.9340203197594669
949	134	52119	ENSG00000006283	ENSG00000260516	0.9016795939577752
950	134	52174	ENSG00000006283	ENSG00000260580	0.9402217347548398
951	134	52701	ENSG00000006283	ENSG00000261127	0.9342712608145692
952	134	52784	ENSG00000006283	ENSG00000261213	0.9308124756324395
953	134	52808	ENSG00000006283	ENSG00000261239	0.9071798580565236
954	134	53594	ENSG00000006283	ENSG00000262090	0.9402217347548468
955	134	53956	ENSG00000006283	ENSG00000262526	0.9402160012543228
956	134	56080	ENSG00000006283	ENSG00000264880	0.9402217347548485
957	134	56137	ENSG00000006283	ENSG00000264939	0.9107869614652154
958	134	56305	ENSG00000006283	ENSG00000265114	0.940221734754844
959	134	56581	ENSG00000006283	ENSG00000265408	0.9402217347548447
960	134	56870	ENSG00000006283	ENSG00000265705	0.9402217347548292
961	134	58053	ENSG00000006283	ENSG00000266945	0.9044429578236216
962	134	58164	ENSG00000006283	ENSG00000267061	0.9402217347548326
963	134	61540	ENSG00000006283	ENSG00000270866	0.9407030876559921
964	135	18989	ENSG00000006327	ENSG00000200320	-1.0
965	135	34499	ENSG00000006327	ENSG00000233138	-1.0
966	135	37248	ENSG00000006327	ENSG00000236472	1.0
967	135	42221	ENSG00000006327	ENSG00000245864	-1.0
968	135	47628	ENSG00000006327	ENSG00000254762	1.0
969	136	18989	ENSG00000006377	ENSG00000200320	-1.0
970	136	34499	ENSG00000006377	ENSG00000233138	1.0
971	136	37248	ENSG00000006377	ENSG00000236472	-1.0
972	136	42221	ENSG00000006377	ENSG00000245864	1.0
973	136	47628	ENSG00000006377	ENSG00000254762	-1.0
974	137	18989	ENSG00000006432	ENSG00000200320	-1.0
975	137	34499	ENSG00000006432	ENSG00000233138	1.0
976	137	37248	ENSG00000006432	ENSG00000236472	-1.0
977	137	42221	ENSG00000006432	ENSG00000245864	-1.0
978	137	47628	ENSG00000006432	ENSG00000254762	-1.0
979	138	18989	ENSG00000006451	ENSG00000200320	-1.0
980	138	34499	ENSG00000006451	ENSG00000233138	-1.0
981	138	37248	ENSG00000006451	ENSG00000236472	-1.0
982	138	42221	ENSG00000006451	ENSG00000245864	-1.0
983	138	47628	ENSG00000006451	ENSG00000254762	-1.0
984	139	18989	ENSG00000006453	ENSG00000200320	-1.0
985	139	34499	ENSG00000006453	ENSG00000233138	1.0
986	139	37248	ENSG00000006453	ENSG00000236472	1.0
987	139	42221	ENSG00000006453	ENSG00000245864	-1.0
988	139	47628	ENSG00000006453	ENSG00000254762	-1.0
989	140	18989	ENSG00000006459	ENSG00000200320	1.0
990	140	34499	ENSG00000006459	ENSG00000233138	-1.0
991	140	37248	ENSG00000006459	ENSG00000236472	-1.0
992	140	42221	ENSG00000006459	ENSG00000245864	1.0
993	140	47628	ENSG00000006459	ENSG00000254762	-1.0
994	141	18989	ENSG00000006468	ENSG00000200320	-1.0
995	141	34499	ENSG00000006468	ENSG00000233138	1.0
996	141	37248	ENSG00000006468	ENSG00000236472	-1.0
997	141	42221	ENSG00000006468	ENSG00000245864	1.0
998	141	47628	ENSG00000006468	ENSG00000254762	1.0
999	142	18989	ENSG00000006530	ENSG00000200320	-1.0
1000	142	34499	ENSG00000006530	ENSG00000233138	1.0
1001	142	37248	ENSG00000006530	ENSG00000236472	-1.0
1002	142	42221	ENSG00000006530	ENSG00000245864	-1.0
1003	142	47628	ENSG00000006530	ENSG00000254762	-1.0
1004	143	18989	ENSG00000006534	ENSG00000200320	-1.0
1005	143	34499	ENSG00000006534	ENSG00000233138	-1.0
1006	143	37248	ENSG00000006534	ENSG00000236472	1.0
1007	143	42221	ENSG00000006534	ENSG00000245864	-1.0
1008	143	47628	ENSG00000006534	ENSG00000254762	-1.0
1009	144	18989	ENSG00000006555	ENSG00000200320	-1.0
1010	144	34499	ENSG00000006555	ENSG00000233138	-1.0
1011	144	37248	ENSG00000006555	ENSG00000236472	1.0
1012	144	42221	ENSG00000006555	ENSG00000245864	1.0
1013	144	47628	ENSG00000006555	ENSG00000254762	-1.0
1014	145	18989	ENSG00000006576	ENSG00000200320	1.0
1015	145	34499	ENSG00000006576	ENSG00000233138	1.0
1016	145	37248	ENSG00000006576	ENSG00000236472	-1.0
1017	145	42221	ENSG00000006576	ENSG00000245864	1.0
1018	145	47628	ENSG00000006576	ENSG00000254762	-1.0
1019	146	18989	ENSG00000006606	ENSG00000200320	-1.0
1020	146	34499	ENSG00000006606	ENSG00000233138	-1.0
1021	146	37248	ENSG00000006606	ENSG00000236472	-1.0
1022	146	42221	ENSG00000006606	ENSG00000245864	1.0
1023	146	47628	ENSG00000006606	ENSG00000254762	-1.0
1024	147	18989	ENSG00000006607	ENSG00000200320	1.0
1025	147	34499	ENSG00000006607	ENSG00000233138	-1.0
1026	147	37248	ENSG00000006607	ENSG00000236472	1.0
1027	147	42221	ENSG00000006607	ENSG00000245864	1.0
1028	147	47628	ENSG00000006607	ENSG00000254762	-1.0
1029	148	18386	ENSG00000006611	ENSG00000198944	0.9119235831558125
1030	148	18989	ENSG00000006611	ENSG00000200320	-1.0
1031	148	34499	ENSG00000006611	ENSG00000233138	1.0
1032	148	37248	ENSG00000006611	ENSG00000236472	-1.0
1033	148	42221	ENSG00000006611	ENSG00000245864	-1.0
1034	148	47628	ENSG00000006611	ENSG00000254762	-1.0
1035	149	18989	ENSG00000006625	ENSG00000200320	1.0
1036	149	34499	ENSG00000006625	ENSG00000233138	1.0
1037	149	37248	ENSG00000006625	ENSG00000236472	-1.0
1038	149	42221	ENSG00000006625	ENSG00000245864	-1.0
1039	149	47628	ENSG00000006625	ENSG00000254762	-1.0
1040	150	18989	ENSG00000006634	ENSG00000200320	1.0
1041	150	34499	ENSG00000006634	ENSG00000233138	1.0
1042	150	37248	ENSG00000006634	ENSG00000236472	-1.0
1043	150	42221	ENSG00000006634	ENSG00000245864	-1.0
1044	150	47628	ENSG00000006634	ENSG00000254762	-1.0
1045	151	18989	ENSG00000006638	ENSG00000200320	1.0
1046	151	34499	ENSG00000006638	ENSG00000233138	1.0
1047	151	37248	ENSG00000006638	ENSG00000236472	1.0
1048	151	42221	ENSG00000006638	ENSG00000245864	1.0
1049	151	47628	ENSG00000006638	ENSG00000254762	-1.0
1050	152	18989	ENSG00000006652	ENSG00000200320	-1.0
1051	152	34499	ENSG00000006652	ENSG00000233138	1.0
1052	152	37248	ENSG00000006652	ENSG00000236472	-1.0
1053	152	42221	ENSG00000006652	ENSG00000245864	-1.0
1054	152	47628	ENSG00000006652	ENSG00000254762	-1.0
1055	153	320	ENSG00000006659	ENSG00000012232	0.9123886419418793
1056	153	370	ENSG00000006659	ENSG00000016082	0.9553849171522738
1057	153	3907	ENSG00000006659	ENSG00000111262	0.9301420016208468
1058	153	4718	ENSG00000006659	ENSG00000117152	0.9459761101386683
1059	153	7397	ENSG00000006659	ENSG00000136750	0.926869669406557
1060	153	8332	ENSG00000006659	ENSG00000142538	0.9668015760410043
1061	153	9077	ENSG00000006659	ENSG00000147488	0.9013626558133601
1062	153	9706	ENSG00000006659	ENSG00000152954	0.9447529397282795
1063	153	10817	ENSG00000006659	ENSG00000162188	0.9018312271390263
1064	153	11867	ENSG00000006659	ENSG00000165985	0.9278114741825182
1065	153	12131	ENSG00000006659	ENSG00000166960	0.9379591128429507
1066	153	12752	ENSG00000006659	ENSG00000169435	0.9351784420405659
1067	153	12837	ENSG00000006659	ENSG00000169849	0.966801576041005
1068	153	13284	ENSG00000006659	ENSG00000171671	0.9672545880296626
1069	153	14725	ENSG00000006659	ENSG00000178602	0.9453396955371992
1070	153	15057	ENSG00000006659	ENSG00000180269	0.9581969485466956
1071	153	16352	ENSG00000006659	ENSG00000185739	0.9481243857984023
1072	153	16674	ENSG00000006659	ENSG00000186960	0.9630395081520817
1073	153	17166	ENSG00000006659	ENSG00000188909	0.9653899766712216
1074	153	17420	ENSG00000006659	ENSG00000196361	0.904883624968169
1075	153	18989	ENSG00000006659	ENSG00000200320	-1.0
1076	153	19668	ENSG00000006659	ENSG00000201756	0.9668015760410071
1077	153	20054	ENSG00000006659	ENSG00000203284	0.9668015760410086
1078	153	21322	ENSG00000006659	ENSG00000206702	0.9668015760410072
1079	153	24613	ENSG00000006659	ENSG00000217041	0.9668015760410089
1080	153	24635	ENSG00000006659	ENSG00000217195	0.968096874458245
1081	153	25073	ENSG00000006659	ENSG00000220739	0.9615177611260387
1082	153	26475	ENSG00000006659	ENSG00000223394	0.9668015760410072
1083	153	27161	ENSG00000006659	ENSG00000224223	0.9668015760410112
1084	153	28214	ENSG00000006659	ENSG00000225493	0.9197366907289034
1085	153	28580	ENSG00000006659	ENSG00000225953	0.9072005428631492
1086	153	28995	ENSG00000006659	ENSG00000226447	0.9668015760410075
1087	153	29207	ENSG00000006659	ENSG00000226702	0.9590930192258125
1088	153	29845	ENSG00000006659	ENSG00000227455	0.9131536861595546
1089	153	29972	ENSG00000006659	ENSG00000227611	0.966801576041008
1090	153	30908	ENSG00000006659	ENSG00000228799	0.9184002588028526
1091	153	30938	ENSG00000006659	ENSG00000228835	0.9228460540105075
1092	153	32765	ENSG00000006659	ENSG00000231040	0.9668015760410059
1093	153	33358	ENSG00000006659	ENSG00000231754	0.9482951749916056
1094	153	33481	ENSG00000006659	ENSG00000231909	0.966801576041008
1095	153	34499	ENSG00000006659	ENSG00000233138	-1.0
1096	153	35346	ENSG00000006659	ENSG00000234162	0.9668015760410078
1097	153	37248	ENSG00000006659	ENSG00000236472	-1.0
1098	153	38025	ENSG00000006659	ENSG00000237401	0.9668015760410054
1099	153	42221	ENSG00000006659	ENSG00000245864	-1.0
1100	153	42257	ENSG00000006659	ENSG00000246316	0.9668015760410069
1101	153	42682	ENSG00000006659	ENSG00000248540	0.9240791102668505
1102	153	43107	ENSG00000006659	ENSG00000249170	0.9668015760410099
1103	153	43567	ENSG00000006659	ENSG00000249866	0.9448842286020506
1104	153	44269	ENSG00000006659	ENSG00000250884	0.9280301274169337
1105	153	46475	ENSG00000006659	ENSG00000253457	0.9529793427698229
1106	153	47628	ENSG00000006659	ENSG00000254762	-1.0
1107	153	47733	ENSG00000006659	ENSG00000254874	0.9668015760410084
1108	153	47850	ENSG00000006659	ENSG00000255003	0.9668015760410081
1109	153	48399	ENSG00000006659	ENSG00000255618	0.9102222928713382
1110	153	51474	ENSG00000006659	ENSG00000259837	0.9621959503229353
1111	153	52320	ENSG00000006659	ENSG00000260738	0.9668015760410107
1112	153	52962	ENSG00000006659	ENSG00000261399	0.9101793183401763
1113	153	53477	ENSG00000006659	ENSG00000261949	0.9292492207721809
1114	153	53519	ENSG00000006659	ENSG00000262000	0.9668015760410081
1115	153	53528	ENSG00000006659	ENSG00000262011	0.9668015760410056
1116	153	58381	ENSG00000006659	ENSG00000267289	0.9252898443590932
1117	153	58685	ENSG00000006659	ENSG00000267601	0.939897632240913
1118	154	18989	ENSG00000006695	ENSG00000200320	1.0
1119	154	34499	ENSG00000006695	ENSG00000233138	-1.0
1120	154	37248	ENSG00000006695	ENSG00000236472	-1.0
1121	154	42221	ENSG00000006695	ENSG00000245864	-1.0
1122	154	47628	ENSG00000006695	ENSG00000254762	-1.0
1123	155	18989	ENSG00000006704	ENSG00000200320	-1.0
1124	155	34499	ENSG00000006704	ENSG00000233138	-1.0
1125	155	37248	ENSG00000006704	ENSG00000236472	1.0
1126	155	42221	ENSG00000006704	ENSG00000245864	-1.0
1127	155	47628	ENSG00000006704	ENSG00000254762	-1.0
1128	156	329	ENSG00000006712	ENSG00000013275	0.9417301682680733
1129	156	870	ENSG00000006712	ENSG00000063322	0.9685771374043074
1130	156	3073	ENSG00000006712	ENSG00000105197	0.9763089419095984
1131	156	14274	ENSG00000006712	ENSG00000176396	0.9521765331010219
1132	156	14840	ENSG00000006712	ENSG00000179134	0.9451660192256369
1133	156	17376	ENSG00000006712	ENSG00000196235	0.931143412244237
1134	156	18989	ENSG00000006712	ENSG00000200320	-1.0
1135	156	34499	ENSG00000006712	ENSG00000233138	1.0
1136	156	37248	ENSG00000006712	ENSG00000236472	-1.0
1137	156	42221	ENSG00000006712	ENSG00000245864	1.0
1138	156	47628	ENSG00000006712	ENSG00000254762	1.0
1139	157	18989	ENSG00000006715	ENSG00000200320	-1.0
1140	157	34499	ENSG00000006715	ENSG00000233138	-1.0
1141	157	37248	ENSG00000006715	ENSG00000236472	-1.0
1142	157	42221	ENSG00000006715	ENSG00000245864	-1.0
1143	157	47628	ENSG00000006715	ENSG00000254762	1.0
1144	158	18989	ENSG00000006740	ENSG00000200320	-1.0
1145	158	34499	ENSG00000006740	ENSG00000233138	-1.0
1146	158	37248	ENSG00000006740	ENSG00000236472	-1.0
1147	158	42221	ENSG00000006740	ENSG00000245864	-1.0
1148	158	47628	ENSG00000006740	ENSG00000254762	1.0
1149	159	18989	ENSG00000006744	ENSG00000200320	1.0
1150	159	34499	ENSG00000006744	ENSG00000233138	-1.0
1151	159	37248	ENSG00000006744	ENSG00000236472	-1.0
1152	159	42221	ENSG00000006744	ENSG00000245864	-1.0
1153	159	47628	ENSG00000006744	ENSG00000254762	1.0
1154	160	18989	ENSG00000006747	ENSG00000200320	1.0
1155	160	34499	ENSG00000006747	ENSG00000233138	1.0
1156	160	37248	ENSG00000006747	ENSG00000236472	-1.0
1157	160	42221	ENSG00000006747	ENSG00000245864	-1.0
1158	160	47628	ENSG00000006747	ENSG00000254762	1.0
1159	161	18989	ENSG00000006756	ENSG00000200320	1.0
1160	161	34499	ENSG00000006756	ENSG00000233138	-1.0
1161	161	37248	ENSG00000006756	ENSG00000236472	-1.0
1162	161	42221	ENSG00000006756	ENSG00000245864	-1.0
1163	161	47628	ENSG00000006756	ENSG00000254762	-1.0
1164	162	18989	ENSG00000006757	ENSG00000200320	-1.0
1165	162	34499	ENSG00000006757	ENSG00000233138	-1.0
1166	162	37248	ENSG00000006757	ENSG00000236472	-1.0
1167	162	42221	ENSG00000006757	ENSG00000245864	1.0
1168	162	47628	ENSG00000006757	ENSG00000254762	-1.0
1169	163	18989	ENSG00000006788	ENSG00000200320	1.0
1170	163	34499	ENSG00000006788	ENSG00000233138	-1.0
1171	163	37248	ENSG00000006788	ENSG00000236472	-1.0
1172	163	42221	ENSG00000006788	ENSG00000245864	-1.0
1173	163	47628	ENSG00000006788	ENSG00000254762	-1.0
1174	164	18989	ENSG00000006831	ENSG00000200320	1.0
1175	164	34499	ENSG00000006831	ENSG00000233138	1.0
1176	164	37248	ENSG00000006831	ENSG00000236472	-1.0
1177	164	42221	ENSG00000006831	ENSG00000245864	1.0
1178	164	47628	ENSG00000006831	ENSG00000254762	-1.0
1179	165	18989	ENSG00000006837	ENSG00000200320	1.0
1180	165	34499	ENSG00000006837	ENSG00000233138	-1.0
1181	165	37248	ENSG00000006837	ENSG00000236472	-1.0
1182	165	42221	ENSG00000006837	ENSG00000245864	1.0
1183	165	47628	ENSG00000006837	ENSG00000254762	-1.0
1184	166	18989	ENSG00000007001	ENSG00000200320	1.0
1185	166	34499	ENSG00000007001	ENSG00000233138	-1.0
1186	166	37248	ENSG00000007001	ENSG00000236472	-1.0
1187	166	42221	ENSG00000007001	ENSG00000245864	-1.0
1188	166	47628	ENSG00000007001	ENSG00000254762	-1.0
1189	167	18989	ENSG00000007038	ENSG00000200320	-1.0
1190	167	34499	ENSG00000007038	ENSG00000233138	-1.0
1191	167	37248	ENSG00000007038	ENSG00000236472	-1.0
1192	167	42221	ENSG00000007038	ENSG00000245864	-1.0
1193	167	47628	ENSG00000007038	ENSG00000254762	-1.0
1194	168	18989	ENSG00000007047	ENSG00000200320	1.0
1195	168	34499	ENSG00000007047	ENSG00000233138	-1.0
1196	168	37248	ENSG00000007047	ENSG00000236472	-1.0
1197	168	42221	ENSG00000007047	ENSG00000245864	-1.0
1198	168	47628	ENSG00000007047	ENSG00000254762	1.0
1199	169	18989	ENSG00000007062	ENSG00000200320	1.0
1200	169	34499	ENSG00000007062	ENSG00000233138	-1.0
1201	169	37248	ENSG00000007062	ENSG00000236472	-1.0
1202	169	42221	ENSG00000007062	ENSG00000245864	-1.0
1203	169	47628	ENSG00000007062	ENSG00000254762	-1.0
1204	170	18989	ENSG00000007080	ENSG00000200320	-1.0
1205	170	34499	ENSG00000007080	ENSG00000233138	1.0
1206	170	37248	ENSG00000007080	ENSG00000236472	1.0
1207	170	42221	ENSG00000007080	ENSG00000245864	1.0
1208	170	47628	ENSG00000007080	ENSG00000254762	1.0
1209	171	18989	ENSG00000007129	ENSG00000200320	-1.0
1210	171	34499	ENSG00000007129	ENSG00000233138	-1.0
1211	171	37248	ENSG00000007129	ENSG00000236472	1.0
1212	171	42221	ENSG00000007129	ENSG00000245864	-1.0
1213	171	47628	ENSG00000007129	ENSG00000254762	-1.0
1214	172	18989	ENSG00000007168	ENSG00000200320	-1.0
1215	172	34499	ENSG00000007168	ENSG00000233138	1.0
1216	172	37248	ENSG00000007168	ENSG00000236472	-1.0
1217	172	42221	ENSG00000007168	ENSG00000245864	-1.0
1218	172	47628	ENSG00000007168	ENSG00000254762	-1.0
1219	173	5643	ENSG00000007171	ENSG00000124818	0.9036029586001831
1220	173	13100	ENSG00000007171	ENSG00000170925	0.9122055621516643
1221	173	13965	ENSG00000007171	ENSG00000174914	0.9083218460468456
1222	173	15258	ENSG00000007171	ENSG00000181325	0.9083218460468475
1223	173	18989	ENSG00000007171	ENSG00000200320	-1.0
1224	173	21071	ENSG00000007171	ENSG00000206260	0.9083218460468379
1225	173	21264	ENSG00000007171	ENSG00000206627	0.9083218460468448
1226	173	21796	ENSG00000007171	ENSG00000207293	0.9083218460468467
1227	173	23098	ENSG00000007171	ENSG00000212933	0.9083218460468443
1228	173	23475	ENSG00000007171	ENSG00000213645	0.9104823515202098
1229	173	30342	ENSG00000007171	ENSG00000228085	0.9083218460468435
1230	173	31107	ENSG00000007171	ENSG00000229035	0.9013497467426348
1231	173	32523	ENSG00000007171	ENSG00000230737	0.908321846046837
1232	173	32623	ENSG00000007171	ENSG00000230866	0.9083218460468385
1233	173	32833	ENSG00000007171	ENSG00000231124	0.9083218460468379
1234	173	34409	ENSG00000007171	ENSG00000233031	0.9083218460468373
1235	173	34499	ENSG00000007171	ENSG00000233138	-1.0
1236	173	35719	ENSG00000007171	ENSG00000234613	0.9081146235116384
1237	173	35868	ENSG00000007171	ENSG00000234791	0.908321846046843
1238	173	37248	ENSG00000007171	ENSG00000236472	-1.0
1239	173	37896	ENSG00000007171	ENSG00000237250	0.9097323269288006
1240	173	40929	ENSG00000007171	ENSG00000242158	0.9063758068099756
1241	173	41177	ENSG00000007171	ENSG00000242671	0.909429363624733
1242	173	41681	ENSG00000007171	ENSG00000243781	0.9155870973632504
1243	173	41754	ENSG00000007171	ENSG00000243939	0.9083218460468306
1244	173	42221	ENSG00000007171	ENSG00000245864	-1.0
1245	173	42762	ENSG00000007171	ENSG00000248656	0.9083218460468381
1246	173	43228	ENSG00000007171	ENSG00000249346	0.9083254442544382
1247	173	43844	ENSG00000007171	ENSG00000250277	0.9083218460468445
1248	173	44850	ENSG00000007171	ENSG00000251685	0.9026268253003034
1249	173	45432	ENSG00000007171	ENSG00000252315	0.9083218460468339
1250	173	45755	ENSG00000007171	ENSG00000252667	0.9083218460468339
1251	173	47628	ENSG00000007171	ENSG00000254762	-1.0
1252	173	48615	ENSG00000007171	ENSG00000256034	0.9083218460468374
1253	173	49889	ENSG00000007171	ENSG00000258073	0.92606390137587
1254	173	50713	ENSG00000007171	ENSG00000259003	0.9083218460468427
1255	173	52545	ENSG00000007171	ENSG00000260970	0.9083218460468371
1256	173	52880	ENSG00000007171	ENSG00000261313	0.9083218460468337
1257	173	55449	ENSG00000007171	ENSG00000264216	0.9083218460468379
1258	173	61811	ENSG00000007171	ENSG00000271162	0.9397269875852379
1259	174	18989	ENSG00000007174	ENSG00000200320	1.0
1260	174	34499	ENSG00000007174	ENSG00000233138	-1.0
1261	174	37248	ENSG00000007174	ENSG00000236472	-1.0
1262	174	42221	ENSG00000007174	ENSG00000245864	1.0
1263	174	47628	ENSG00000007174	ENSG00000254762	-1.0
1264	175	18989	ENSG00000007202	ENSG00000200320	1.0
1265	175	34499	ENSG00000007202	ENSG00000233138	1.0
1266	175	37248	ENSG00000007202	ENSG00000236472	-1.0
1267	175	42221	ENSG00000007202	ENSG00000245864	-1.0
1268	175	47628	ENSG00000007202	ENSG00000254762	1.0
1269	176	18989	ENSG00000007216	ENSG00000200320	-1.0
1270	176	34499	ENSG00000007216	ENSG00000233138	-1.0
1271	176	37248	ENSG00000007216	ENSG00000236472	-1.0
1272	176	42221	ENSG00000007216	ENSG00000245864	-1.0
1273	176	47628	ENSG00000007216	ENSG00000254762	-1.0
1274	177	18989	ENSG00000007237	ENSG00000200320	-1.0
1275	177	34499	ENSG00000007237	ENSG00000233138	1.0
1276	177	37248	ENSG00000007237	ENSG00000236472	1.0
1277	177	42221	ENSG00000007237	ENSG00000245864	-1.0
1278	177	47628	ENSG00000007237	ENSG00000254762	1.0
1279	178	18989	ENSG00000007255	ENSG00000200320	-1.0
1280	178	34499	ENSG00000007255	ENSG00000233138	-1.0
1281	178	37248	ENSG00000007255	ENSG00000236472	1.0
1282	178	42221	ENSG00000007255	ENSG00000245864	-1.0
1283	178	47628	ENSG00000007255	ENSG00000254762	-1.0
1284	179	18989	ENSG00000007264	ENSG00000200320	-1.0
1285	179	34499	ENSG00000007264	ENSG00000233138	-1.0
1286	179	37248	ENSG00000007264	ENSG00000236472	-1.0
1287	179	42221	ENSG00000007264	ENSG00000245864	1.0
1288	179	47628	ENSG00000007264	ENSG00000254762	1.0
1289	180	18989	ENSG00000007306	ENSG00000200320	-1.0
1290	180	34499	ENSG00000007306	ENSG00000233138	-1.0
1291	180	37248	ENSG00000007306	ENSG00000236472	-1.0
1292	180	42221	ENSG00000007306	ENSG00000245864	-1.0
1293	180	47628	ENSG00000007306	ENSG00000254762	-1.0
1294	181	14501	ENSG00000007312	ENSG00000177455	0.9148789267281715
1295	181	18989	ENSG00000007312	ENSG00000200320	-1.0
1296	181	34499	ENSG00000007312	ENSG00000233138	1.0
1297	181	37248	ENSG00000007312	ENSG00000236472	1.0
1298	181	42221	ENSG00000007312	ENSG00000245864	1.0
1299	181	47628	ENSG00000007312	ENSG00000254762	-1.0
1300	182	18989	ENSG00000007314	ENSG00000200320	1.0
1301	182	34499	ENSG00000007314	ENSG00000233138	-1.0
1302	182	37248	ENSG00000007314	ENSG00000236472	-1.0
1303	182	42221	ENSG00000007314	ENSG00000245864	-1.0
1304	182	47628	ENSG00000007314	ENSG00000254762	-1.0
1305	183	18989	ENSG00000007341	ENSG00000200320	1.0
1306	183	34499	ENSG00000007341	ENSG00000233138	-1.0
1307	183	37248	ENSG00000007341	ENSG00000236472	-1.0
1308	183	42221	ENSG00000007341	ENSG00000245864	1.0
1309	183	47628	ENSG00000007341	ENSG00000254762	-1.0
1310	184	18989	ENSG00000007350	ENSG00000200320	-1.0
1311	184	34499	ENSG00000007350	ENSG00000233138	-1.0
1312	184	37248	ENSG00000007350	ENSG00000236472	-1.0
1313	184	42221	ENSG00000007350	ENSG00000245864	1.0
1314	184	47628	ENSG00000007350	ENSG00000254762	-1.0
1315	185	18989	ENSG00000007372	ENSG00000200320	-1.0
1316	185	34499	ENSG00000007372	ENSG00000233138	1.0
1317	185	37248	ENSG00000007372	ENSG00000236472	-1.0
1318	185	42221	ENSG00000007372	ENSG00000245864	1.0
1319	185	47628	ENSG00000007372	ENSG00000254762	-1.0
1320	186	18989	ENSG00000007376	ENSG00000200320	-1.0
1321	186	34499	ENSG00000007376	ENSG00000233138	1.0
1322	186	37248	ENSG00000007376	ENSG00000236472	1.0
1323	186	42221	ENSG00000007376	ENSG00000245864	1.0
1324	186	47628	ENSG00000007376	ENSG00000254762	1.0
1325	187	18989	ENSG00000007384	ENSG00000200320	1.0
1326	187	34499	ENSG00000007384	ENSG00000233138	-1.0
1327	187	37248	ENSG00000007384	ENSG00000236472	1.0
1328	187	42221	ENSG00000007384	ENSG00000245864	-1.0
1329	187	47628	ENSG00000007384	ENSG00000254762	1.0
1330	188	18989	ENSG00000007392	ENSG00000200320	1.0
1331	188	34499	ENSG00000007392	ENSG00000233138	-1.0
1332	188	37248	ENSG00000007392	ENSG00000236472	-1.0
1333	188	42221	ENSG00000007392	ENSG00000245864	1.0
